mean_fit_time,std_fit_time,mean_score_time,std_score_time,param_model__C,param_model__gamma,param_model__kernel,params,split0_test_score,split1_test_score,split2_test_score,split3_test_score,split4_test_score,mean_test_score,std_test_score,rank_test_score,split0_train_score,split1_train_score,split2_train_score,split3_train_score,split4_train_score,mean_train_score,std_train_score
0.013837289810180665,0.0008357898059917867,0.004253005981445313,0.00023401895929987528,0.01,scale,linear,"{'model__C': 0.01, 'model__gamma': 'scale', 'model__kernel': 'linear'}",0.998452012383901,0.9721362229102167,1.0,1.0,0.9979360165118679,0.993704850361197,0.010815746135458333,2,0.994388544891641,0.9987100103199175,0.9934210526315789,0.9939370485036121,0.99296955624355,0.9946852425180598,0.0020682521647647383
0.041251325607299806,0.0034493280770439313,0.00761561393737793,0.0006351729300402422,0.01,scale,rbf,"{'model__C': 0.01, 'model__gamma': 'scale', 'model__kernel': 'rbf'}",0.9860681114551084,0.9540763673890609,0.9979360165118679,0.9891640866873066,0.9793601651186791,0.9813209494324047,0.014874291439699157,44,0.9807791537667699,0.9898090815273477,0.980327657378741,0.9821336429308565,0.9813596491228069,0.9828818369453043,0.0035159259763881717
0.015763187408447267,0.0020854285153084568,0.004640340805053711,0.0006862111340254551,0.01,auto,linear,"{'model__C': 0.01, 'model__gamma': 'auto', 'model__kernel': 'linear'}",0.998452012383901,0.9721362229102167,1.0,1.0,0.9979360165118679,0.993704850361197,0.010815746135458333,2,0.994388544891641,0.9987100103199175,0.9934210526315789,0.9939370485036121,0.99296955624355,0.9946852425180598,0.0020682521647647383
0.04555039405822754,0.0045807640012989915,0.007189512252807617,0.00026347020033872426,0.01,auto,rbf,"{'model__C': 0.01, 'model__gamma': 'auto', 'model__kernel': 'rbf'}",0.9860681114551084,0.9540763673890609,0.9979360165118679,0.9891640866873066,0.9793601651186791,0.9813209494324047,0.014874291439699157,44,0.9807791537667699,0.9898090815273477,0.980327657378741,0.9821336429308565,0.9813596491228069,0.9828818369453043,0.0035159259763881717
0.013351202011108398,0.0004506239308951588,0.0043259143829345705,0.0003502146536594143,0.01,0.001,linear,"{'model__C': 0.01, 'model__gamma': 0.001, 'model__kernel': 'linear'}",0.998452012383901,0.9721362229102167,1.0,1.0,0.9979360165118679,0.993704850361197,0.010815746135458333,2,0.994388544891641,0.9987100103199175,0.9934210526315789,0.9939370485036121,0.99296955624355,0.9946852425180598,0.0020682521647647383
0.03818612098693848,0.0009966911305328426,0.007422018051147461,0.0002891898211723669,0.01,0.001,rbf,"{'model__C': 0.01, 'model__gamma': 0.001, 'model__kernel': 'rbf'}",0.9845201238390093,0.9638802889576883,0.9984520123839009,0.9938080495356038,0.9891640866873066,0.9859649122807017,0.011979108387781302,32,0.9836171310629516,0.9918408152734778,0.9836171310629516,0.9851973684210527,0.9841653766769866,0.985687564499484,0.0031302789741538073
0.01395726203918457,0.0007101326415358153,0.004408836364746094,0.00030760258371972303,0.01,0.01,linear,"{'model__C': 0.01, 'model__gamma': 0.01, 'model__kernel': 'linear'}",0.998452012383901,0.9721362229102167,1.0,1.0,0.9979360165118679,0.993704850361197,0.010815746135458333,2,0.994388544891641,0.9987100103199175,0.9934210526315789,0.9939370485036121,0.99296955624355,0.9946852425180598,0.0020682521647647383
0.03876056671142578,0.0005168993226121396,0.008204889297485352,0.0015031533059542094,0.01,0.01,rbf,"{'model__C': 0.01, 'model__gamma': 0.01, 'model__kernel': 'rbf'}",0.9824561403508771,0.9597523219814241,0.9974200206398349,0.9922600619195046,0.9845201238390093,0.98328173374613,0.012933290111545676,37,0.9831011351909185,0.9902605779153766,0.9820368937048504,0.9832623839009289,0.9826818885448917,0.9842685758513932,0.0030258027193953343
0.013732719421386718,0.0010631748603474927,0.004495763778686523,0.0006890519445449849,0.01,0.1,linear,"{'model__C': 0.01, 'model__gamma': 0.1, 'model__kernel': 'linear'}",0.998452012383901,0.9721362229102167,1.0,1.0,0.9979360165118679,0.993704850361197,0.010815746135458333,2,0.994388544891641,0.9987100103199175,0.9934210526315789,0.9939370485036121,0.99296955624355,0.9946852425180598,0.0020682521647647383
0.041980314254760745,0.0024116506204313434,0.007795190811157227,0.00037012623004518925,0.01,0.1,rbf,"{'model__C': 0.01, 'model__gamma': 0.1, 'model__kernel': 'rbf'}",0.9845201238390093,0.954592363261094,0.9989680082559339,0.9927760577915377,0.9819401444788441,0.9825593395252838,0.015231582850357112,38,0.9860358617131063,0.993421052631579,0.9846813725490197,0.9861003611971104,0.9855521155830754,0.9871581527347782,0.003172260096935616
0.013520479202270508,0.001995834288917442,0.004373931884765625,0.00034357265807945795,0.1,scale,linear,"{'model__C': 0.1, 'model__gamma': 'scale', 'model__kernel': 'linear'}",0.9891640866873064,0.9742002063983488,0.9994840041279669,0.9953560371517027,0.9979360165118679,0.9912280701754386,0.009213091484278893,13,0.9963557791537667,0.9986455108359134,0.9947755417956656,0.9959042827657378,0.9934855521155831,0.9958333333333332,0.0017214717742005667
0.033243322372436525,0.007060826568918816,0.006584978103637696,0.0008087874917219488,0.1,scale,rbf,"{'model__C': 0.1, 'model__gamma': 'scale', 'model__kernel': 'rbf'}",0.9907120743034056,0.9597523219814241,0.9994840041279669,0.9948400412796697,0.9871001031991744,0.986377708978328,0.013939912836486639,30,0.9885190918472653,0.9941305469556243,0.9867776057791539,0.9881643446852425,0.9866163570691434,0.9888415892672858,0.0027476325960285445
0.012585687637329101,0.0006271564609160402,0.004002189636230469,0.0002057947969469676,0.1,auto,linear,"{'model__C': 0.1, 'model__gamma': 'auto', 'model__kernel': 'linear'}",0.9891640866873064,0.9742002063983488,0.9994840041279669,0.9953560371517027,0.9979360165118679,0.9912280701754386,0.009213091484278893,13,0.9963557791537667,0.9986455108359134,0.9947755417956656,0.9959042827657378,0.9934855521155831,0.9958333333333332,0.0017214717742005667
0.03114805221557617,0.003692659130872473,0.006268835067749024,0.0002301953593185941,0.1,auto,rbf,"{'model__C': 0.1, 'model__gamma': 'auto', 'model__kernel': 'rbf'}",0.9907120743034056,0.9597523219814241,0.9994840041279669,0.9948400412796697,0.9871001031991744,0.986377708978328,0.013939912836486639,30,0.9885190918472653,0.9941305469556243,0.9867776057791539,0.9881643446852425,0.9866163570691434,0.9888415892672858,0.0027476325960285445
0.013418006896972656,0.001054659145416835,0.00469675064086914,0.0009796794656303492,0.1,0.001,linear,"{'model__C': 0.1, 'model__gamma': 0.001, 'model__kernel': 'linear'}",0.9891640866873064,0.9742002063983488,0.9994840041279669,0.9953560371517027,0.9979360165118679,0.9912280701754386,0.009213091484278893,13,0.9963557791537667,0.9986455108359134,0.9947755417956656,0.9959042827657378,0.9934855521155831,0.9958333333333332,0.0017214717742005667
0.038422441482543944,0.00038337566959066496,0.007755422592163086,0.0006291057506498647,0.1,0.001,rbf,"{'model__C': 0.1, 'model__gamma': 0.001, 'model__kernel': 'rbf'}",0.9845201238390093,0.9638802889576883,0.9984520123839009,0.9938080495356038,0.9891640866873066,0.9859649122807017,0.011979108387781302,32,0.9838106295149638,0.9918408152734778,0.9837461300309598,0.9853263673890609,0.9841653766769866,0.9857778637770898,0.0030841951021685315
0.013291025161743164,0.0016743019882324045,0.004182195663452149,0.00021697912034938642,0.1,0.01,linear,"{'model__C': 0.1, 'model__gamma': 0.01, 'model__kernel': 'linear'}",0.9891640866873064,0.9742002063983488,0.9994840041279669,0.9953560371517027,0.9979360165118679,0.9912280701754386,0.009213091484278893,13,0.9963557791537667,0.9986455108359134,0.9947755417956656,0.9959042827657378,0.9934855521155831,0.9958333333333332,0.0017214717742005667
0.029547739028930663,0.0006909644606516034,0.006640052795410157,0.00040854400934909555,0.1,0.01,rbf,"{'model__C': 0.1, 'model__gamma': 0.01, 'model__kernel': 'rbf'}",0.9896800825593395,0.9623323013415893,0.9989680082559339,0.9948400412796699,0.9901960784313726,0.987203302373581,0.012887093749732932,29,0.98687435500516,0.9947110423116615,0.9871001031991744,0.9875515995872033,0.9863261093911249,0.9885126418988648,0.003124226110055859
0.014091396331787109,0.001032734590946379,0.004252147674560547,0.0003362802704047269,0.1,0.1,linear,"{'model__C': 0.1, 'model__gamma': 0.1, 'model__kernel': 'linear'}",0.9891640866873064,0.9742002063983488,0.9994840041279669,0.9953560371517027,0.9979360165118679,0.9912280701754386,0.009213091484278893,13,0.9963557791537667,0.9986455108359134,0.9947755417956656,0.9959042827657378,0.9934855521155831,0.9958333333333332,0.0017214717742005667
0.041321420669555665,0.0025943637183168822,0.01079564094543457,0.0027600909165446863,0.1,0.1,rbf,"{'model__C': 0.1, 'model__gamma': 0.1, 'model__kernel': 'rbf'}",0.9860681114551083,0.95562435500516,0.9994840041279669,0.9927760577915377,0.9829721362229102,0.9833849329205367,0.015002618801011378,36,0.9865841073271414,0.994388544891641,0.986390608875129,0.9875515995872033,0.9865196078431373,0.9882868937048505,0.0030786192218351114
0.016312122344970703,0.001601642899911611,0.004366445541381836,0.00020029745616299228,1.0,scale,linear,"{'model__C': 1, 'model__gamma': 'scale', 'model__kernel': 'linear'}",0.9829721362229102,0.977296181630547,0.9994840041279669,0.9798761609907121,0.9979360165118679,0.9875128998968007,0.009330255564330795,24,0.996517027863777,0.9994195046439629,0.9957430340557276,0.9975167698658411,0.994420794633643,0.9967234262125905,0.0016854740762326846
0.027882146835327148,0.009014053043224895,0.005908823013305664,0.000740825672507845,1.0,scale,rbf,"{'model__C': 1, 'model__gamma': 'scale', 'model__kernel': 'rbf'}",0.9943240454076367,0.9695562435500515,1.0,1.0,0.9948400412796697,0.9917440660474716,0.011356599087502426,11,0.9973877708978328,0.9996130030959752,0.9968072755417957,0.9982907636738906,0.9962912796697627,0.9976780185758514,0.0011734652604914728
0.015315914154052734,0.000873379247566887,0.004580211639404297,0.0004370585294062749,1.0,auto,linear,"{'model__C': 1, 'model__gamma': 'auto', 'model__kernel': 'linear'}",0.9829721362229102,0.977296181630547,0.9994840041279669,0.9798761609907121,0.9979360165118679,0.9875128998968007,0.009330255564330795,24,0.996517027863777,0.9994195046439629,0.9957430340557276,0.9975167698658411,0.994420794633643,0.9967234262125905,0.0016854740762326846
0.02124958038330078,0.001552753001164054,0.005722713470458984,0.0006149513250114111,1.0,auto,rbf,"{'model__C': 1, 'model__gamma': 'auto', 'model__kernel': 'rbf'}",0.9943240454076367,0.9695562435500515,1.0,1.0,0.9948400412796697,0.9917440660474716,0.011356599087502426,11,0.9973877708978328,0.9996130030959752,0.9968072755417957,0.9982907636738906,0.9962912796697627,0.9976780185758514,0.0011734652604914728
0.01924605369567871,0.004178222780666945,0.004683113098144532,0.0007169905858360825,1.0,0.001,linear,"{'model__C': 1, 'model__gamma': 0.001, 'model__kernel': 'linear'}",0.9829721362229102,0.977296181630547,0.9994840041279669,0.9798761609907121,0.9979360165118679,0.9875128998968007,0.009330255564330795,24,0.996517027863777,0.9994195046439629,0.9957430340557276,0.9975167698658411,0.994420794633643,0.9967234262125905,0.0016854740762326846
0.031145048141479493,0.0036856246294013286,0.007598686218261719,0.0020364626813184922,1.0,0.001,rbf,"{'model__C': 1, 'model__gamma': 0.001, 'model__kernel': 'rbf'}",0.9938080495356036,0.9659442724458205,0.9994840041279669,0.9994840041279669,0.9948400412796697,0.9907120743034055,0.012601291112788114,19,0.9890673374613004,0.9963235294117647,0.989486584107327,0.9900670794633644,0.9893253353973168,0.9908539731682147,0.0027544074002137813
0.01745014190673828,0.0028254373245384513,0.0049629688262939455,0.0005279902550206524,1.0,0.01,linear,"{'model__C': 1, 'model__gamma': 0.01, 'model__kernel': 'linear'}",0.9829721362229102,0.977296181630547,0.9994840041279669,0.9798761609907121,0.9979360165118679,0.9875128998968007,0.009330255564330795,24,0.996517027863777,0.9994195046439629,0.9957430340557276,0.9975167698658411,0.994420794633643,0.9967234262125905,0.0016854740762326846
0.018914461135864258,0.00039341646167613135,0.005594730377197266,0.0003893468689837375,1.0,0.01,rbf,"{'model__C': 1, 'model__gamma': 0.01, 'model__kernel': 'rbf'}",0.9958720330237357,0.9716202270381837,1.0,1.0,0.9979360165118679,0.9930856553147575,0.010841317636052733,7,0.9954850361197111,0.999000257997936,0.9942595459236325,0.9956462848297213,0.993937048503612,0.9956656346749225,0.00179542745268026
0.015621614456176759,0.001193063106544231,0.004651498794555664,0.0007058802046807843,1.0,0.1,linear,"{'model__C': 1, 'model__gamma': 0.1, 'model__kernel': 'linear'}",0.9829721362229102,0.977296181630547,0.9994840041279669,0.9798761609907121,0.9979360165118679,0.9875128998968007,0.009330255564330795,24,0.996517027863777,0.9994195046439629,0.9957430340557276,0.9975167698658411,0.994420794633643,0.9967234262125905,0.0016854740762326846
0.031789112091064456,0.0006543317420931534,0.006889963150024414,0.0005378293128443533,1.0,0.1,rbf,"{'model__C': 1, 'model__gamma': 0.1, 'model__kernel': 'rbf'}",0.9896800825593395,0.9669762641898865,1.0,0.9963880288957688,0.9901960784313726,0.9886480908152734,0.011505666651945296,23,0.9996130030959752,0.9999032507739938,0.9994840041279669,0.9997742518059856,0.9994517543859649,0.9996452528379771,0.0001718641975551481
0.030392265319824217,0.012942494275261432,0.004904747009277344,0.0007158165163886266,10.0,scale,linear,"{'model__C': 10, 'model__gamma': 'scale', 'model__kernel': 'linear'}",0.9798761609907122,0.9731682146542828,0.9989680082559339,0.9649122807017544,0.9953560371517028,0.9824561403508772,0.012959614097792022,39,0.9979037667698658,1.0,0.9983875128998969,0.9991937564499485,0.9963235294117647,0.9983617131062952,0.001244255063952044
0.02328953742980957,0.0027860414852790938,0.005430984497070313,0.0006286528105476291,10.0,scale,rbf,"{'model__C': 10, 'model__gamma': 'scale', 'model__kernel': 'rbf'}",0.9932920536635707,0.9762641898864809,1.0,0.9948400412796697,0.9974200206398349,0.9923632610939113,0.008367410444014244,9,0.9999355005159959,1.0,1.0,1.0,1.0,0.9999871001031991,2.579979360164408e-05
0.03180370330810547,0.007835483641272805,0.005568122863769532,0.001887916518844173,10.0,auto,linear,"{'model__C': 10, 'model__gamma': 'auto', 'model__kernel': 'linear'}",0.9798761609907122,0.9731682146542828,0.9989680082559339,0.9649122807017544,0.9953560371517028,0.9824561403508772,0.012959614097792022,39,0.9979037667698658,1.0,0.9983875128998969,0.9991937564499485,0.9963235294117647,0.9983617131062952,0.001244255063952044
0.024182701110839845,0.0025951031924355008,0.005576276779174804,0.0007665779643209868,10.0,auto,rbf,"{'model__C': 10, 'model__gamma': 'auto', 'model__kernel': 'rbf'}",0.9932920536635707,0.9762641898864809,1.0,0.9948400412796697,0.9974200206398349,0.9923632610939113,0.008367410444014244,9,0.9999355005159959,1.0,1.0,1.0,1.0,0.9999871001031991,2.579979360164408e-05
0.027339363098144533,0.0073683071631504,0.004386281967163086,0.00026375460244427074,10.0,0.001,linear,"{'model__C': 10, 'model__gamma': 0.001, 'model__kernel': 'linear'}",0.9798761609907122,0.9731682146542828,0.9989680082559339,0.9649122807017544,0.9953560371517028,0.9824561403508772,0.012959614097792022,39,0.9979037667698658,1.0,0.9983875128998969,0.9991937564499485,0.9963235294117647,0.9983617131062952,0.001244255063952044
0.017728185653686522,0.0009734296349181393,0.006182813644409179,0.002330297199223608,10.0,0.001,rbf,"{'model__C': 10, 'model__gamma': 0.001, 'model__kernel': 'rbf'}",0.9953560371517027,0.9726522187822497,0.9994840041279669,0.9989680082559339,0.9989680082559339,0.9930856553147575,0.01032301295163564,7,0.9951625386996903,0.9988390092879258,0.9941950464396285,0.994936790505676,0.9935178018575851,0.9953302373581012,0.0018475921945145285
0.028890419006347656,0.008584354075792852,0.004513454437255859,0.0004898105872632277,10.0,0.01,linear,"{'model__C': 10, 'model__gamma': 0.01, 'model__kernel': 'linear'}",0.9798761609907122,0.9731682146542828,0.9989680082559339,0.9649122807017544,0.9953560371517028,0.9824561403508772,0.012959614097792022,39,0.9979037667698658,1.0,0.9983875128998969,0.9991937564499485,0.9963235294117647,0.9983617131062952,0.001244255063952044
0.01624469757080078,0.0004961078370952535,0.005126476287841797,0.00060221006723612,10.0,0.01,rbf,"{'model__C': 10, 'model__gamma': 0.01, 'model__kernel': 'rbf'}",0.9958720330237358,0.9772961816305469,1.0,0.9989680082559339,0.9994840041279669,0.9943240454076367,0.008634262399732478,1,0.9976135190918473,0.9997742518059856,0.9970652734778123,0.9977425180598555,0.9972265221878225,0.9978844169246648,0.000976608240145693
0.029289674758911134,0.007307255938017951,0.00469512939453125,0.0007086938327651439,10.0,0.1,linear,"{'model__C': 10, 'model__gamma': 0.1, 'model__kernel': 'linear'}",0.9798761609907122,0.9731682146542828,0.9989680082559339,0.9649122807017544,0.9953560371517028,0.9824561403508772,0.012959614097792022,39,0.9979037667698658,1.0,0.9983875128998969,0.9991937564499485,0.9963235294117647,0.9983617131062952,0.001244255063952044
0.03352212905883789,0.001172641871724333,0.007540702819824219,0.002053950113651821,10.0,0.1,rbf,"{'model__C': 10, 'model__gamma': 0.1, 'model__kernel': 'rbf'}",0.9876160990712075,0.9659442724458205,0.9984520123839009,0.9809081527347782,0.9891640866873065,0.9844169246646027,0.010800965807682904,34,1.0,1.0,1.0,1.0,1.0,1.0,0.0
0.05443806648254394,0.02597516592149934,0.004523468017578125,0.0004842134578665132,100.0,scale,linear,"{'model__C': 100, 'model__gamma': 'scale', 'model__kernel': 'linear'}",0.9747162022703819,0.9742002063983488,0.9989680082559339,0.9654282765737875,0.9932920536635707,0.9813209494324046,0.01266199619852155,46,0.9993550051599587,1.0,0.998484262125903,1.0,0.9973877708978329,0.9990454076367389,0.0009980969520922039
0.021372270584106446,0.0018268715951487134,0.006418704986572266,0.001039613228160182,100.0,scale,rbf,"{'model__C': 100, 'model__gamma': 'scale', 'model__kernel': 'rbf'}",0.9907120743034057,0.9767801857585139,0.9994840041279669,0.9886480908152735,0.9922600619195047,0.989576883384933,0.007365558670817535,21,1.0,1.0,1.0,1.0,1.0,1.0,0.0
0.0529881477355957,0.022562861337748964,0.005695962905883789,0.002569429735699188,100.0,auto,linear,"{'model__C': 100, 'model__gamma': 'auto', 'model__kernel': 'linear'}",0.9747162022703819,0.9742002063983488,0.9989680082559339,0.9654282765737875,0.9932920536635707,0.9813209494324046,0.01266199619852155,46,0.9993550051599587,1.0,0.998484262125903,1.0,0.9973877708978329,0.9990454076367389,0.0009980969520922039
0.02052645683288574,0.003954604777271267,0.00712890625,0.004867546646660877,100.0,auto,rbf,"{'model__C': 100, 'model__gamma': 'auto', 'model__kernel': 'rbf'}",0.9907120743034057,0.9767801857585139,0.9994840041279669,0.9886480908152735,0.9922600619195047,0.989576883384933,0.007365558670817535,21,1.0,1.0,1.0,1.0,1.0,1.0,0.0
0.055155611038208006,0.026658839364454925,0.004292964935302734,0.000410238612333893,100.0,0.001,linear,"{'model__C': 100, 'model__gamma': 0.001, 'model__kernel': 'linear'}",0.9747162022703819,0.9742002063983488,0.9989680082559339,0.9654282765737875,0.9932920536635707,0.9813209494324046,0.01266199619852155,46,0.9993550051599587,1.0,0.998484262125903,1.0,0.9973877708978329,0.9990454076367389,0.0009980969520922039
0.017049264907836915,0.0017910551038935105,0.005276823043823242,0.0006024226858535225,100.0,0.001,rbf,"{'model__C': 100, 'model__gamma': 0.001, 'model__kernel': 'rbf'}",0.9865841073271414,0.9752321981424148,1.0,0.9948400412796697,0.9994840041279669,0.9912280701754386,0.00933367930203923,13,0.9964847781217752,0.9989357585139319,0.9952270381836945,0.9966782765737874,0.9947110423116614,0.9964073787409701,0.0014657995557951227
0.05269269943237305,0.024034345759403986,0.004145383834838867,0.0008515941594746214,100.0,0.01,linear,"{'model__C': 100, 'model__gamma': 0.01, 'model__kernel': 'linear'}",0.9747162022703819,0.9742002063983488,0.9989680082559339,0.9654282765737875,0.9932920536635707,0.9813209494324046,0.01266199619852155,46,0.9993550051599587,1.0,0.998484262125903,1.0,0.9973877708978329,0.9990454076367389,0.0009980969520922039
0.014856576919555664,0.00245092988938417,0.00410914421081543,0.0009808783396044794,100.0,0.01,rbf,"{'model__C': 100, 'model__gamma': 0.01, 'model__kernel': 'rbf'}",0.9938080495356036,0.9834881320949431,1.0,0.9767801857585139,0.9984520123839009,0.9905056759545925,0.008964676524451622,20,1.0,1.0,1.0,1.0,1.0,1.0,0.0
0.05175595283508301,0.023309115844684054,0.005256843566894531,0.0006742810655206855,100.0,0.1,linear,"{'model__C': 100, 'model__gamma': 0.1, 'model__kernel': 'linear'}",0.9747162022703819,0.9742002063983488,0.9989680082559339,0.9654282765737875,0.9932920536635707,0.9813209494324046,0.01266199619852155,46,0.9993550051599587,1.0,0.998484262125903,1.0,0.9973877708978329,0.9990454076367389,0.0009980969520922039
0.03194780349731445,0.0028572560681657073,0.005586576461791992,0.000775169976814282,100.0,0.1,rbf,"{'model__C': 100, 'model__gamma': 0.1, 'model__kernel': 'rbf'}",0.9865841073271414,0.9659442724458205,0.9969040247678018,0.9809081527347782,0.9886480908152735,0.983797729618163,0.010297188592995988,35,1.0,1.0,1.0,1.0,1.0,1.0,0.0
